Priorité;Entreprise;Métier;Téléphone;Adresse;Site web actuel;Démo à montrer;Source;Statut;Date contact;Relance;Notes
1;FAVIER Bruno;Plombier chauffagiste;06 81 12 42 84;rue Piéroux, 69700 Givors;Aucun (vérifié Pages Jaunes);/demo/artisan/;https://www.pagesjaunes.fr/pros/00468335;À contacter;;;
1;Sacha Plomberie;Plombier;06 75 09 96 53;54 route de Mornant, 69700 Givors;Aucun (vérifié Pages Jaunes);/demo/artisan/;https://www.pagesjaunes.fr/pros/63699281;À contacter;;;
1;Salon Ricardo Catherine Coiffure;Coiffeur;04 78 07 00 54;21 rue Roger Salengro, 69700 Givors;Aucun (vérifié Pages Jaunes);/demo/coiffure/;https://www.pagesjaunes.fr/pros/06224102;À contacter;;;
1;Hair du Temps;Coiffeur;04 78 73 04 78;49 rue Jean Ligonnet, 69700 Givors;Aucun (vérifié Pages Jaunes);/demo/coiffure/;https://www.pagesjaunes.fr/pros/04383152;À contacter;;;
1;Aux Ciseaux de Carine;Coiffeur;04 78 81 59 87;9 rue Fleury Neuvesel, 69700 Givors;Facebook seulement;/demo/coiffure/;https://www.pagesjaunes.fr/pros/51708954;À contacter;;;
2;Elya Hair Salon;Coiffeur;(sur place);37 rue Roger Salengro, 69700 Givors;Aucun (vérifié Pages Jaunes);/demo/coiffure/;https://www.pagesjaunes.fr/pros/62208054;À visiter;;;Pas de téléphone public : passer au salon
2;Salon Pat;Coiffeur;04 78 73 04 48;4 rue Jean Marie Imbert, 69700 Givors;Page Planity seulement;/demo/coiffure/;https://www.pagesjaunes.fr/pros/06224993;À contacter;;;Argument : un vrai site à son nom en plus de Planity
3;MC Automobiles;Garage / carrosserie;04 58 28 14 07;53 av. de la République, 69200 Vénissieux;À vérifier;/demo/garage/;https://www.allogarage.fr/garages/details-garage-MC-AUTOMOBILES-18027.html;À vérifier;;;
3;Garage Montveneur;Garage;(voir fiche);Vénissieux;À vérifier;/demo/garage/;https://www.allogarage.fr/garages/details-garage-GARAGE-MONTVENEUR-2109.html;À vérifier;;;
3;Autolub;Garage / carrosserie;(voir fiche);Vénissieux;À vérifier;/demo/garage/;https://www.allogarage.fr/garages/details-garage-AUTOLUB-14026.html;À vérifier;;;
